Template ID,Use Case,Subject,Recipient Type,Trigger,Email Body Template
EMAIL-001,Internal deadline reminder,Reminder: Regulatory input required for [Item] by [Due Date],Internal department,Due in 7 days,"Dear [Name],

This is a kind reminder that input for [Item] is required by [Due Date] for submission to [Regulator]. Please share the latest version and supporting documents by [Internal Deadline] so that Regulatory & Public Affairs can complete review and submission on time.

Best regards,
[Your Name]"
EMAIL-002,Internal escalation,Escalation: Overdue regulatory input for [Item],Department head,Overdue internal input,"Dear [Name],

The input for [Item] is now overdue and may affect the regulatory submission timeline to [Regulator]. Please help prioritize this item and confirm the expected completion time.

Best regards,
[Your Name]"
EMAIL-003,Regulator acknowledgement,Acknowledgement of request regarding [Topic],Regulator,Incoming urgent request,"Dear [Title/Name],

We acknowledge receipt of your request regarding [Topic]. We are coordinating with the relevant internal teams and will revert with the requested information by [Expected Date].

Respectfully,
[Your Name]"
EMAIL-004,Regulator follow-up,Follow-up on submitted dossier: [Dossier Name],Regulator,No response after expected follow-up date,"Dear [Title/Name],

We would like to respectfully follow up on the submitted dossier [Dossier Name], sent on [Submission Date]. Please let us know if any further clarification or supporting documents are required from our side.

Respectfully,
[Your Name]"
EMAIL-005,Meeting confirmation,Meeting confirmation: [Regulator] / Manulife on [Date],Regulator / internal,Meeting scheduled,"Dear [Name],

Thank you for confirming the meeting on [Date] regarding [Topic]. We will prepare the relevant materials and proposed discussion points in advance.

Best regards,
[Your Name]"
EMAIL-006,Regional Office monthly update,Vietnam Regulatory & Public Affairs Monthly Update - [Month],Regional Office,Monthly reporting cycle,"Dear Regional Team,

Please find below the Vietnam Regulatory & Public Affairs monthly update for [Month], covering key regulatory developments, pending approvals, regulator engagements, emerging risks and next-month priorities.

Best regards,
[Your Name]"
