Field,Value,Notes,Section,Draft Text
Reporting Month,June 2026,Change monthly,1. Executive Summary,"Overall regulatory workload remains manageable. Key focus areas are product approval follow-up, consumer protection monitoring, and timely completion of periodic reports."
Reports Submitted On Time,18,Sample data,2. Key Regulatory Developments,"No major finalized regulation this month. The team continues to monitor draft guidance on bancassurance, data privacy and consumer protection."
Overdue Reports,1,Sample data,3. Pending Approvals,Two approval items remain pending with the regulator: one product filing and one agent training-related submission. Follow-up actions have been assigned.
Pending Approvals,2,Sample data,4. Regulator Engagements,"The team maintained regular working contact with ISA and MOF through technical follow-ups, document submissions and preparation for upcoming meetings."
Regulator Meetings,4,Sample data,5. Emerging Risks,"Emerging risks include potential tightening of product approval requirements, heightened market conduct supervision and evolving data localization expectations."
High Risk Policy Issues,3,Sample data,6. Next Month Priorities,"Priorities for next month are: close pending approval actions, prepare for upcoming regulator meetings, complete documentation quality checks, and update policy risk assessment."
Internal Overdue Follow-ups,2,Sample data,7. Support Needed from Regional Office,No immediate escalation is required. Regional guidance may be useful if new APAC-level interpretation is issued on data privacy or market conduct.
Generated Monthly Report Draft,,,,
To: Regional Office,,,,
Subject: Vietnam Regulatory & Public Affairs Monthly Update - June 2026,,,,
1. Executive Summary,,,,
"Overall regulatory workload remains manageable. The main focus areas are product approval follow-up, consumer protection monitoring, and timely completion of regulatory reporting obligations.",,,,
2. Key Metrics,,,,
- Reports submitted on time: 18,,,,
- Overdue reports: 1,,,,
- Pending approvals: 2,,,,
- Regulator meetings/interactions: 4,,,,
- High-risk policy issues: 3,,,,
- Internal overdue follow-ups: 2,,,,
3. Key Regulatory Developments,,,,
"No major finalized regulation was identified this month. The team continues to monitor draft guidance relating to bancassurance, data privacy, consumer protection and market conduct supervision.",,,,
4. Pending Approvals and Submissions,,,,
Two approval items remain pending with the regulator: one product filing and one agent training-related submission. Responsible owners have been assigned and follow-up actions are being tracked.,,,,
5. Regulator Engagements,,,,
"The team maintained regular working contact with ISA and MOF through technical follow-ups, document submissions and preparation for upcoming meetings.",,,,
6. Emerging Risks,,,,
"Emerging risks include potential tightening of product approval requirements, increased market conduct review and evolving data localization expectations.",,,,
7. Next Month Priorities,,,,
"Priorities for next month are to close pending approval actions, prepare for upcoming regulator meetings, complete documentation quality checks and update the policy risk assessment.",,,,
